{
	"name": "custom.remote.python.dns", 
	"version": "1.004",
	"metricGroup": "tech.DNS", 
	"type": "python",
	"requiredAgentVersion": "1.101.0",
	"entity": "CUSTOM_DEVICE",
	"processTypeNames": ["PYTHON"],
	"technologies": ["DNS"],
	"source": {
		"package": "dnsLookup",
		"className": "CustomDNSPluginRemote",
		"install_requires": ["requests>=2.6.0", "dnspython3>=1.15.0"],
		"activation": "Remote"
	},
	"metrics": [
		{
			"entity": "CUSTOM_DEVICE",
			"timeseries": {
				"key": "rtt",
				"unit": "MilliSecond",
				"displayname": "Round-trip time"
			}
        }
    ],
	"ui": {
		"keymetrics" : [],
		"keycharts": [],
		"charts": []
	},
	"properties": [
		{"key": "hostToTest", "type": "String"},
		{"key": "dnsServer", "type": "String"},
		{"key": "deviceName", "type": "String"},
		{"key": "apiURL", "type": "String"},
		{"key": "apiToken", "type": "Password"},
		{"key": "location", "type": "String"},
		{"key": "pollingInterval", "type": "Integer"}
	],
	"configUI" :{
		"displayName": "DNS",
		"properties" : [
			{"key" : "hostToTest", "displayName": "Hostname of the device", "displayOrder": 1, "displayHint": "For example: example.com"},
			{"key" : "dnsServer", "displayName": "DNS server to use for the lookup", "displayOrder": 2, "displayHint": "For example: 8.8.8.8"},
			{"key" : "deviceName", "displayName": "Name of the device", "displayOrder": 3, "displayHint": "For example: DMZ Router"},
			{"key" : "apiURL", "displayName": "URL of the Dynatrace API", "displayOrder": 4, "displayHint": "For example: usg925.dynatrace-managed.com/e/c28e9814-d46d-4b11-8ba0-6f76708e384e"},
			{"key" : "apiToken", "displayName": "API Token with access to create synthetic tests", "displayOrder": 5, "displayHint": "For example: ABllUTJYQwKKQRWSpPIva"},
			{"key" : "location", "displayName": "Location name", "displayOrder": 6, "displayHint": "Leave empty to use the ActiveGate server name"},
			{"key" : "pollingInterval", "displayName": "Polling frequency (in minutes)", "displayOrder": 7, "displayHint": "For example: 5"}
		]
	}
}
